indstry_emplymnt_prprtn_of_emplyd_prsns_cnss_ttl_nm, number_businesses_30_june_of_non_employing_num, rsdntl_prprty_prcs_yr_endd_30_jne_attchd_dwllngs_mdn_sle_prce, number_businesses_30_june_of_employing_20_employees_num, lga_name_2019, yr, lga_code_2019, rsdntl_prprty_prcs_yr_endd_30_jne_hss_mdn_sle_prce, number_businesses_30_june_of_employing_5_19_employees_num, number_businesses_30_june_of_employing_1_4_employees_num
null,2738,220000.0,125,"Albury (C)",2019,"10050",347000.0,562,1190
null,1838,242500.0,50,"Armidale Regional (A)",2019,"10130",347500.0,299,757
null,2804,508000.0,84,"Ballina (A)",2019,"10250",662500.0,443,1226
null,195,null,3,"Balranald (A)",2019,"10300",180000.0,40,93
null,2125,310000.0,84,"Bathurst Regional (A)",2019,"10470",442250.0,399,948
null,10849,700000.0,392,"Bayside (A)",2019,"10500",1200000.0,1238,4458
null,1709,331250.0,50,"Bega Valley (A)",2019,"10550",500000.0,364,984
null,757,319500.0,12,"Bellingen (A)",2019,"10600",525000.0,119,319
null,522,195000.0,20,"Berrigan (A)",2019,"10650",230000.0,79,240
null,15331,554000.0,587,"Blacktown (C)",2019,"10750",717500.0,1837,7253
null,472,260000.0,3,"Bland (A)",2019,"10800",166500.0,93,242
null,525,null,14,"Blayney (A)",2019,"10850",320000.0,45,226
null,3311,565000.0,78,"Blue Mountains (C)",2019,"10900",654000.0,466,1765
null,265,null,13,"Bogan (A)",2019,"10950",111250.0,41,90
null,219,null,4,"Bourke (A)",2019,"11150",174000.0,30,75
null,55,null,3,"Brewarrina (A)",2019,"11200",67500.0,7,26
null,3105,758500.0,107,"Byron (A)",2019,"11350",950000.0,484,1233
null,1140,null,26,"Cabonne (A)",2019,"11400",285000.0,157,469
null,524,null,42,"Broken Hill (C)",2019,"11250",120000.0,137,306
null,4052,585000.0,175,"Camden (A)",2019,"11450",700000.0,727,2607
null,6051,430000.0,252,"Campbelltown (C) (NSW)",2019,"11500",595000.0,845,3046
null,7237,880000.0,191,"Canada Bay (A)",2019,"11520",1760000.0,777,3159
null,22641,550000.0,575,"Canterbury-Bankstown (A)",2019,"11570",890000.0,2488,10909
null,218,null,10,"Carrathool (A)",2019,"11600",175000.0,52,143
null,3212,762500.0,74,"Burwood (A)",2019,"11300",1500000.0,372,1431
null,3,null,null,"Kowanyama (S)",2019,"34420",null,null,3
null,13397,503000.0,540,"Central Coast (C) (NSW)",2019,"11650",637000.0,2354,7905
null,94,null,null,"Central Darling (A)",2019,"11700",63750.0,11,39
null,1655,290000.0,92,"Cessnock (C)",2019,"11720",390000.0,356,904
null,2499,348750.0,81,"Clarence Valley (A)",2019,"11730",390000.0,381,959
null,282,null,10,"Cobar (A)",2019,"11750",197500.0,53,109
null,3333,355000.0,165,"Coffs Harbour (C)",2019,"11800",545000.0,693,1837
null,183,null,4,"Coolamon (A)",2019,"12000",205000.0,40,105
null,363,null,4,"Coonamble (A)",2019,"12150",85000.0,58,153
null,687,190000.0,19,"Cootamundra-Gundagai Regional (A)",2019,"12160",252500.0,131,307
null,784,255000.0,23,"Cowra (A)",2019,"12350",269000.0,145,387
null,15048,565000.0,415,"Cumberland (A)",2019,"12380",800000.0,1429,6837
null,3135,260000.0,127,"Dubbo Regional (A)",2019,"12390",360000.0,567,1371
null,714,null,13,"Dungog (A)",2019,"12700",500000.0,79,252
null,609,160000.0,28,"Edward River (A)",2019,"12730",216500.0,96,262
null,1642,335000.0,60,"Eurobodalla (A)",2019,"12750",500000.0,333,875
null,8834,436250.0,324,"Fairfield (C)",2019,"12850",730000.0,1376,5717
null,756,197000.0,34,"Federation (A)",2019,"12870",260000.0,124,296
null,697,206000.0,18,"Forbes (A)",2019,"12900",268750.0,121,300
null,10235,670000.0,242,"Georges River (A)",2019,"12930",1234944.0,1130,4683
null,351,null,3,"Gilgandra (A)",2019,"12950",171000.0,57,167
null,697,200000.0,8,"Glen Innes Severn (A)",2019,"13010",209000.0,113,275
null,1346,372500.0,46,"Goulburn Mulwaree (A)",2019,"13310",427000.0,260,694
null,857,null,16,"Greater Hume Shire (A)",2019,"13340",215000.0,143,343
null,2093,305000.0,98,"Griffith (C)",2019,"13450",360000.0,305,813
null,1047,287500.0,25,"Gunnedah (A)",2019,"13550",315000.0,125,361
null,509,null,4,"Gwydir (A)",2019,"13660",204500.0,57,193
null,3760,495000.0,148,"Hawkesbury (C)",2019,"13800",740000.0,748,2459
null,207,null,10,"Hay (A)",2019,"13850",129000.0,45,123
null,1230,249100.0,61,"Hilltops (A)",2019,"13910",252500.0,245,584
null,8637,665000.0,252,"Hornsby (A)",2019,"14000",1180000.0,1060,4319
null,1330,1037500.0,30,"Hunters Hill (A)",2019,"14100",2600000.0,138,501
null,12684,740000.0,456,"Inner West (A)",2019,"14170",1400000.0,1667,5599
null,1086,290000.0,24,"Inverell (A)",2019,"14200",255000.0,164,432
null,292,null,4,"Junee (A)",2019,"14300",237500.0,44,145
null,1463,377500.0,47,"Kempsey (A)",2019,"14350",350000.0,203,532
null,1139,642750.0,27,"Kiama (A)",2019,"14400",860000.0,172,624
null,9537,933000.0,185,"Ku-ring-gai (A)",2019,"14500",2001000.0,877,4314
null,852,null,9,"Kyogle (A)",2019,"14550",330000.0,59,212
null,572,null,14,"Lachlan (A)",2019,"14600",160000.0,100,237
null,7504,450000.0,297,"Lake Macquarie (C)",2019,"14650",580000.0,1482,4180
null,3179,750000.0,139,"Lane Cove (A)",2019,"14700",2200000.0,359,1208
null,587,181750.0,28,"Leeton (A)",2019,"14750",258000.0,104,231
null,2676,310500.0,69,"Lismore (C)",2019,"14850",410000.0,405,966
null,794,405000.0,24,"Lithgow (C)",2019,"14870",340000.0,123,355
null,10108,511000.0,336,"Liverpool (C)",2019,"14900",750000.0,1291,5769
null,668,null,5,"Liverpool Plains (A)",2019,"14920",210000.0,82,228
null,130,null,4,"Lockhart (A)",2019,"14950",206000.0,23,84
null,3694,362000.0,150,"Maitland (C)",2019,"15050",475000.0,642,1580
null,null,null,null,"Mapoon (S)",2019,"34830",null,null,null
null,4252,365000.0,132,"Mid-Coast (A)",2019,"15240",445000.0,630,1847
null,1600,286500.0,54,"Mid-Western Regional (A)",2019,"15270",397500.0,247,702
null,1197,null,38,"Moree Plains (A)",2019,"15300",180000.0,203,487
null,2883,985000.0,70,"Mosman (A)",2019,"15350",3700000.0,234,1070
null,840,244000.0,17,"Murray River (A)",2019,"15520",360000.0,111,321
null,446,null,11,"Murrumbidgee (A)",2019,"15560",180000.0,65,171
null,601,224000.0,30,"Muswellbrook (A)",2019,"15650",314000.0,131,253
null,962,323000.0,28,"Nambucca (A)",2019,"15700",400000.0,114,381
null,1131,250000.0,20,"Narrabri (A)",2019,"15750",250000.0,154,446
null,344,null,11,"Narrandera (A)",2019,"15800",186500.0,50,151
null,593,null,5,"Narromine (A)",2019,"15850",236610.0,69,251
null,7879,516500.0,502,"Newcastle (C)",2019,"15900",615000.0,1666,3924
null,10195,1050000.0,600,"North Sydney (A)",2019,"15950",2502000.0,1441,3983
null,19861,855000.0,661,"Northern Beaches (A)",2019,"15990",1700000.0,2689,10079
null,479,null,12,"Oberon (A)",2019,"16100",370000.0,53,127
null,2062,282000.0,105,"Orange (C)",2019,"16150",420000.0,429,929
null,756,267500.0,23,"Parkes (A)",2019,"16200",257500.0,157,386
null,17366,655000.0,658,"Parramatta (C)",2019,"16260",1085000.0,2022,7735
null,8081,489000.0,375,"Penrith (C)",2019,"16350",660000.0,1395,4834
null,3792,390000.0,126,"Port Macquarie-Hastings (A)",2019,"16380",555000.0,680,1935
null,2781,425000.0,138,"Port Stephens (A)",2019,"16400",570000.0,484,1463
null,2851,345000.0,117,"Queanbeyan-Palerang Regional (A)",2019,"16490",645000.0,483,1339
null,8583,881500.0,199,"Randwick (C)",2019,"16550",2057500.0,908,3769
null,1162,330000.0,34,"Richmond Valley (A)",2019,"16610",325000.0,121,359
null,7937,700000.0,363,"Ryde (C)",2019,"16700",1469000.0,979,3654
null,1813,511000.0,59,"Shellharbour (C)",2019,"16900",635000.0,386,1180
null,3992,440000.0,168,"Shoalhaven (C)",2019,"16950",560000.0,846,2299
null,1286,295000.0,58,"Singleton (A)",2019,"17000",430000.0,203,505
null,1417,370000.0,56,"Snowy Monaro Regional (A)",2019,"17040",349000.0,354,732
null,972,234500.0,27,"Snowy Valleys (A)",2019,"17080",250000.0,171,401
null,3938,640000.0,163,"Strathfield (A)",2019,"17100",2035000.0,476,1675
null,13100,730000.0,399,"Sutherland Shire (A)",2019,"17150",1128000.0,2078,7033
null,43898,865000.0,3188,"Sydney (C)",2019,"17200",1500000.0,7189,17562
null,3344,275000.0,116,"Tamworth Regional (A)",2019,"17310",340000.0,555,1428
null,443,335000.0,11,"Temora (A)",2019,"17350",250000.0,69,207
null,686,415000.0,5,"Tenterfield (A)",2019,"17400",236000.0,54,215
null,12992,762000.0,435,"The Hills Shire (A)",2019,"17420",1175000.0,1829,6805
null,4787,438000.0,157,"Tweed (A)",2019,"17550",660000.0,675,2036
null,1110,259000.0,37,"Upper Hunter Shire (A)",2019,"17620",330000.0,158,400
null,775,null,8,"Upper Lachlan Shire (A)",2019,"17640",351856.5,131,370
null,431,null,11,"Uralla (A)",2019,"17650",315000.0,65,168
null,3292,280000.0,169,"Wagga Wagga (C)",2019,"17750",365000.0,657,1469
null,393,null,6,"Walcha (A)",2019,"17850",268000.0,71,160
null,466,null,8,"Walgett (A)",2019,"17900",97000.0,66,172
null,263,null,6,"Warren (A)",2019,"17950",152500.0,45,98
null,660,null,4,"Warrumbungle Shire (A)",2019,"18020",160000.0,100,264
null,6925,1100000.0,221,"Waverley (A)",2019,"18050",2650000.0,757,2774
null,287,null,4,"Weddin (A)",2019,"18100",155000.0,62,172
null,445,144000.0,24,"Wentworth (A)",2019,"18200",251500.0,77,193
null,7885,950000.0,369,"Willoughby (C)",2019,"18250",2275000.0,1198,3459
null,3472,630000.0,86,"Wingecarribee (A)",2019,"18350",800000.0,534,1627
null,2374,465000.0,63,"Wollondilly (A)",2019,"18400",690000.0,428,1748
null,7782,580000.0,359,"Wollongong (C)",2019,"18450",720000.0,1508,4254
null,7020,1325000.0,163,"Woollahra (A)",2019,"18500",3425000.0,634,2270
null,1235,365000.0,19,"Yass Valley (A)",2019,"18710",600000.0,191,605
null,50,null,null,"Unincorporated NSW",2019,"19399",null,14,27
null,958,315000.0,29,"Alpine (S)",2019,"20110",415000.0,185,398
null,613,198750.0,17,"Ararat (RC)",2019,"20260",193500.0,118,313
null,5397,285000.0,265,"Ballarat (C)",2019,"20570",389262.5,937,2262
null,7271,620500.0,181,"Banyule (C)",2019,"20660",850000.0,832,2966
null,1931,350000.0,40,"Bass Coast (S)",2019,"20740",475000.0,252,826
null,3670,333950.0,94,"Baw Baw (S)",2019,"20830",435000.0,429,1346
null,9243,806000.0,213,"Bayside (C)",2019,"20910",1750000.0,885,3312
null,951,200000.0,18,"Benalla (RC)",2019,"21010",288750.0,117,368
null,17881,680000.0,510,"Boroondara (C)",2019,"21110",1910000.0,1924,6362
null,10839,432000.0,381,"Brimbank (C)",2019,"21180",600000.0,1162,3577
null,605,null,11,"Buloke (S)",2019,"21270",120000.0,72,297
null,2669,257000.0,91,"Campaspe (S)",2019,"21370",303500.0,401,1055
null,5418,389922.0,125,"Cardinia (S)",2019,"21450",520000.0,680,2515
null,16747,422250.0,362,"Casey (C)",2019,"21610",587500.0,1456,5731
null,461,225000.0,20,"Central Goldfields (S)",2019,"21670",232250.0,83,260
null,1506,308750.0,57,"Colac-Otway (S)",2019,"21750",350000.0,201,580
null,1392,175000.0,42,"Corangamite (S)",2019,"21830",215000.0,189,670
null,8760,550000.0,357,"Darebin (C)",2019,"21890",932500.0,980,3067
null,2807,235000.0,84,"East Gippsland (S)",2019,"22110",310000.0,427,1087
null,6540,440000.0,245,"Frankston (C)",2019,"22170",605000.0,1056,2981
null,805,160000.0,16,"Gannawarra (S)",2019,"22250",175000.0,104,399
null,11539,640000.0,223,"Glen Eira (C)",2019,"22310",1325000.0,931,3742
null,1139,162500.0,46,"Glenelg (S)",2019,"22410",230000.0,196,497
null,1229,380000.0,20,"Golden Plains (S)",2019,"22490",475000.0,166,575
null,4761,255000.0,250,"Greater Bendigo (C)",2019,"22620",350500.0,900,2253
null,10435,435000.0,700,"Greater Dandenong (C)",2019,"22670",650000.0,1705,3762
null,11582,392000.0,490,"Greater Geelong (C)",2019,"22750",543000.0,1817,4962
null,4014,200000.0,180,"Greater Shepparton (C)",2019,"22830",282500.0,670,1630
null,1017,371000.0,26,"Hepburn (S)",2019,"22910",485000.0,133,420
null,476,null,7,"Hindmarsh (S)",2019,"22980",125000.0,55,212
null,5230,600000.0,183,"Hobsons Bay (C)",2019,"23110",826750.0,556,1909
null,1263,205000.0,43,"Horsham (RC)",2019,"23190",255000.0,256,569
null,12675,410000.0,526,"Hume (C)",2019,"23270",545000.0,1436,4189
null,1226,192000.0,24,"Indigo (S)",2019,"23350",335000.0,139,407
null,10226,600000.0,569,"Kingston (C) (Vic.)",2019,"23430",900000.0,1661,4549
null,8203,560000.0,437,"Knox (C)",2019,"23670",750000.0,1380,4027
null,2654,175000.0,135,"Latrobe (C) (Vic.)",2019,"23810",241000.0,519,1141
null,671,null,6,"Loddon (S)",2019,"23940",157000.0,71,257
null,3080,510000.0,89,"Macedon Ranges (S)",2019,"24130",625000.0,366,1385
null,9634,585500.0,169,"Manningham (C)",2019,"24210",1152000.0,884,3644
null,778,300000.0,25,"Mansfield (S)",2019,"24250",405000.0,105,324
null,5166,451188.0,174,"Maribyrnong (C)",2019,"24330",890000.0,659,1874
null,5698,568500.0,236,"Maroondah (C)",2019,"24410",782500.0,950,2780
null,26817,545000.0,1819,"Melbourne (C)",2019,"24600",1109000.0,3952,8981
null,6338,362000.0,108,"Melton (C)",2019,"24650",514150.0,533,2493
null,3116,213000.0,167,"Mildura (RC)",2019,"24780",281500.0,629,1437
null,2029,325000.0,42,"Mitchell (S)",2019,"24850",440000.0,248,984
null,1969,230000.0,50,"Moira (S)",2019,"24900",295000.0,315,770
null,14031,731000.0,596,"Monash (C)",2019,"24970",1080000.0,1893,5584
null,7670,515000.0,176,"Moonee Valley (C)",2019,"25060",1045000.0,920,2984
null,1681,318000.0,52,"Moorabool (S)",2019,"25150",485000.0,205,893
null,9920,535000.0,240,"Moreland (C)",2019,"25250",845000.0,971,3212
null,9754,549000.0,267,"Mornington Peninsula (S)",2019,"25340",750000.0,1341,4428
null,1037,398000.0,21,"Mount Alexander (S)",2019,"25430",484000.0,151,414
null,1457,483750.0,21,"Moyne (S)",2019,"25490",392500.0,232,597
null,1151,349000.0,19,"Murrindindi (S)",2019,"25620",387500.0,107,452
null,4078,619950.0,88,"Nillumbik (S)",2019,"25710",840000.0,446,1926
null,671,126000.0,23,"Northern Grampians (S)",2019,"25810",185000.0,138,346
null,14275,595750.0,693,"Port Phillip (C)",2019,"25900",1586000.0,1993,4769
null,518,null,5,"Pyrenees (S)",2019,"25990",237000.0,71,258
null,226,707500.0,4,"Queenscliffe (B)",2019,"26080",950000.0,38,92
null,2585,273750.0,48,"South Gippsland (S)",2019,"26170",340000.0,238,866
null,1117,195000.0,42,"Southern Grampians (S)",2019,"26260",200000.0,290,626
null,12719,592500.0,375,"Stonnington (C)",2019,"26350",1932500.0,1452,3973
null,959,270000.0,26,"Strathbogie (S)",2019,"26430",305000.0,93,325
null,2288,649500.0,56,"Surf Coast (S)",2019,"26490",818250.0,319,982
null,1557,199000.0,76,"Swan Hill (RC)",2019,"26610",245000.0,256,706
null,655,null,8,"Towong (S)",2019,"26670",224000.0,54,212
null,1924,230100.0,55,"Wangaratta (RC)",2019,"26700",320000.0,298,776
null,1635,275000.0,94,"Warrnambool (C)",2019,"26730",355000.0,370,735
null,2561,192500.0,77,"Wellington (S)",2019,"26810",271500.0,377,1017
null,441,null,13,"West Wimmera (S)",2019,"26890",129000.0,117,254
null,11065,668000.0,294,"Whitehorse (C)",2019,"26980",1030000.0,1409,4696
null,11029,415000.0,262,"Whittlesea (C)",2019,"27070",590800.0,1191,3874
null,1805,215000.0,84,"Wodonga (C)",2019,"27170",348000.0,337,777
null,14164,405000.0,293,"Wyndham (C)",2019,"27260",560000.0,1113,4215
null,9747,600000.0,631,"Yarra (C)",2019,"27350",1300000.0,1698,3750
null,8127,527000.0,245,"Yarra Ranges (S)",2019,"27450",650000.0,1135,4122
null,643,null,9,"Yarriambiack (S)",2019,"27630",106500.0,73,281
null,88,202000.0,11,"Unincorporated Vic",2019,"29399",null,27,19
null,3,null,null,"Aurukun (S)",2019,"30250",null,3,null
null,540,null,20,"Balonne (S)",2019,"30300",229500.0,83,202
null,1950,null,30,"Banana (S)",2019,"30370",170000.0,136,460
null,270,null,3,"Barcaldine (R)",2019,"30410",60000.0,41,97
null,26,null,null,"Barcoo (S)",2019,"30450",40000.0,null,5
null,246,null,null,"Blackall-Tambo (R)",2019,"30760",70000.0,20,85
null,83933,420000.0,3733,"Brisbane (C)",2019,"31000",689000.0,12032,31748
null,3833,260000.0,224,"Bundaberg (R)",2019,"31820",290000.0,766,1721
null,16,null,null,"Boulia (S)",2019,"30900",null,4,11
null,1321,150000.0,49,"Burdekin (S)",2019,"31900",170000.0,230,535
null,24,null,3,"Burke (S)",2019,"31950",null,6,10
null,8352,229000.0,439,"Cairns (R)",2019,"32080",417500.0,1640,3721
null,17,null,3,"Bulloo (S)",2019,"31750",null,5,9
null,112,null,10,"Carpentaria (S)",2019,"32250",212500.0,22,31
null,2017,180000.0,100,"Cassowary Coast (R)",2019,"32260",250000.0,320,723
null,2073,187500.0,60,"Central Highlands (R) (Qld)",2019,"32270",230000.0,334,836
null,706,260000.0,14,"Charters Towers (R)",2019,"32310",222000.0,110,268
null,183,null,14,"Cloncurry (S)",2019,"32450",130000.0,40,72
null,177,null,5,"Cook (S)",2019,"32500",285000.0,45,82
null,10,null,null,"Croydon (S)",2019,"32600",null,5,3
null,1205,280000.0,31,"Goondiwindi (R)",2019,"33610",306000.0,183,474
null,808,240000.0,44,"Douglas (S)",2019,"32810",431000.0,170,353
null,127,null,3,"Etheridge (S)",2019,"33100",null,10,40
null,125,null,null,"Flinders (S) (Qld)",2019,"33200",61500.0,16,48
null,3,null,3,"Cherbourg (S)",2019,"32330",null,null,3
null,22,null,3,"Northern Peninsula Area (R)",2019,"35780",null,5,14
null,3,null,null,"Hope Vale (S)",2019,"33830",null,3,5
null,3542,255000.0,132,"Fraser Coast (R)",2019,"33220",331000.0,689,1605
null,14,null,3,"Diamantina (S)",2019,"32750",null,4,4
null,2289,170000.0,86,"Gladstone (R)",2019,"33360",285000.0,412,923
null,44983,427500.0,1642,"Gold Coast (C)",2019,"33430",650000.0,5794,16826
null,3,null,null,"Doomadgee (S)",2019,"32770",null,null,3
null,2933,292500.0,78,"Gympie (R)",2019,"33620",330000.0,417,1110
null,857,310000.0,20,"Hinchinbrook (S)",2019,"33800",200000.0,129,356
null,6245,301750.0,221,"Ipswich (C)",2019,"33960",356000.0,828,2604
null,1044,158500.0,29,"Isaac (R)",2019,"33980",186000.0,189,437
null,1814,310000.0,50,"Livingstone (S)",2019,"34530",398000.0,297,791
null,6,null,null,"Lockhart River (S)",2019,"34570",null,null,3
null,2028,240000.0,83,"Lockyer Valley (R)",2019,"34580",332000.0,238,791
null,14097,257500.0,557,"Logan (C)",2019,"34590",428000.0,1992,5929
null,388,null,15,"Longreach (R)",2019,"34710",180000.0,50,147
null,5903,260000.0,298,"Mackay (R)",2019,"34770",355000.0,1015,2656
null,62,null,null,"McKinlay (S)",2019,"34800",57500.0,13,35
null,1819,null,30,"Maranoa (R)",2019,"34860",193000.0,173,519
null,1208,240000.0,84,"Mareeba (S)",2019,"34880",375000.0,261,533
null,17155,330000.0,638,"Moreton Bay (R)",2019,"35010",470000.0,2739,8271
null,3,null,null,"Mornington (S)",2019,"35250",null,null,3
null,542,156000.0,52,"Mount Isa (C)",2019,"35300",251250.0,158,259
null,378,null,10,"Murweh (S)",2019,"35600",105000.0,54,159
null,null,null,null,"Napranum (S)",2019,"35670",null,3,null
null,4448,600000.0,127,"Noosa (S)",2019,"35740",735000.0,677,1846
null,1212,null,41,"North Burnett (R)",2019,"35760",172500.0,86,294
null,7,null,null,"Palm Island (S)",2019,"35790",null,3,3
null,164,null,null,"Paroo (S)",2019,"35800",35000.0,22,67
null,3,null,null,"Pormpuraaw (S)",2019,"36070",null,null,3
null,81,null,null,"Quilpie (S)",2019,"36150",null,10,29
null,7243,375000.0,217,"Redland (C)",2019,"36250",539999.0,1131,3505
null,137,null,3,"Richmond (S)",2019,"36300",130000.0,22,51
null,3021,275000.0,165,"Rockhampton (R)",2019,"36370",260000.0,605,1324
null,3036,303500.0,66,"Scenic Rim (R)",2019,"36510",465000.0,335,1027
null,1503,200000.0,29,"Somerset (R)",2019,"36580",322000.0,145,431
null,2176,195000.0,39,"South Burnett (R)",2019,"36630",230000.0,262,687
null,2829,220000.0,106,"Southern Downs (R)",2019,"36660",275000.0,364,891
null,20188,420000.0,658,"Sunshine Coast (R)",2019,"36720",610000.0,3033,8561
null,1730,258500.0,77,"Tablelands (R)",2019,"36820",321000.0,271,650
null,10468,277500.0,392,"Toowoomba (R)",2019,"36910",375000.0,1533,3718
null,124,null,8,"Torres (S)",2019,"36950",null,18,40
null,28,null,null,"Torres Strait Island (R)",2019,"36960",null,null,4
null,6910,240000.0,374,"Townsville (C)",2019,"37010",325000.0,1564,3103
null,834,null,29,"Clare and Gilbert Valleys (DC)",2019,"41140",300000.0,145,332
null,98,365000.0,5,"Weipa (T)",2019,"37300",475000.0,26,32
null,3279,147500.0,79,"Western Downs (R)",2019,"37310",198000.0,364,1070
null,2268,255000.0,135,"Whitsunday (R)",2019,"37340",366500.0,491,897
null,351,null,10,"Goyder (DC)",2019,"42110",155000.0,67,138
null,2764,350000.0,69,"Adelaide Hills (DC)",2019,"40120",625000.0,292,931
null,69,null,null,"Winton (S)",2019,"37400",137500.0,18,22
null,512,null,13,"Adelaide Plains (DC)",2019,"40150",382000.0,51,154
null,1416,283750.0,31,"Alexandrina (DC)",2019,"40220",400000.0,187,516
null,1441,220000.0,63,"Barossa (DC)",2019,"40310",367000.0,229,504
null,191,null,null,"Barunga West (DC)",2019,"40430",250000.0,14,89
null,3,null,3,"Woorabinda (S)",2019,"37550",null,3,3
null,648,129000.0,26,"Berri and Barmera (DC)",2019,"40520",200000.0,112,232
null,86,null,5,"Boddington (S)",2019,"50630",290000.0,10,39
null,5215,458000.0,109,"Burnside (C)",2019,"40700",960000.0,478,1328
null,2810,480000.0,55,"Campbelltown (C) (SA)",2019,"40910",581000.0,240,730
null,216,null,11,"Ceduna (DC)",2019,"41010",227500.0,52,103
null,null,null,null,"Wujal Wujal (S)",2019,"37570",null,null,null
null,3,null,null,"Yarrabah (S)",2019,"37600",null,3,5
null,6211,420000.0,224,"Charles Sturt (C)",2019,"41060",565000.0,787,1893
null,10116,505000.0,464,"Adelaide (C)",2019,"40070",1253050.0,1310,3514
null,null,null,null,"Anangu Pitjantjatjara (AC)",2019,"40250",null,3,null
null,98,null,null,"Franklin Harbour (DC)",2019,"41960",180000.0,21,38
null,182,null,5,"Cleve (DC)",2019,"41190",140000.0,37,97
null,85,null,4,"Coober Pedy (DC)",2019,"41330",45000.0,12,21
null,614,222500.0,23,"Copper Coast (DC)",2019,"41560",280000.0,87,263
null,70,null,3,"Elliston (DC)",2019,"41750",135000.0,21,37
null,819,209000.0,28,"Gawler (T)",2019,"42030",330000.0,115,341
null,89,null,3,"Flinders Ranges (DC)",2019,"41830",92500.0,25,63
null,706,null,22,"Grant (DC)",2019,"42250",335000.0,73,235
null,2377,425500.0,73,"Holdfast Bay (C)",2019,"42600",760000.0,337,757
null,455,220000.0,12,"Kangaroo Island (DC)",2019,"42750",283500.0,91,175
null,118,null,null,"Karoonda East Murray (DC)",2019,"43080",null,26,49
null,186,null,6,"Kingston (DC) (SA)",2019,"43360",250000.0,47,92
null,867,null,32,"Light (RegC)",2019,"43650",390000.0,131,339
null,359,null,4,"Lower Eyre Peninsula (DC)",2019,"43710",360000.0,76,162
null,102,null,null,"Kimba (DC)",2019,"43220",110000.0,17,73
null,741,137000.0,32,"Loxton Waikerie (DC)",2019,"43790",247500.0,161,316
null,3499,430000.0,113,"Marion (C)",2019,"44060",510000.0,426,1154
null,445,270000.0,18,"Mid Murray (DC)",2019,"44210",249000.0,70,206
null,3512,352000.0,114,"Mitcham (C)",2019,"44340",658000.0,417,1125
null,2041,327500.0,50,"Mount Barker (DC)",2019,"44550",435000.0,245,637
null,null,null,null,"Maralinga Tjarutja (AC)",2019,"44000",null,null,null
null,1215,190000.0,65,"Mount Gambier (C)",2019,"44620",260000.0,295,523
null,232,null,3,"Mount Remarkable (DC)",2019,"44830",117500.0,35,96
null,859,170000.0,37,"Murray Bridge (RC)",2019,"45040",253000.0,152,283
null,4316,466500.0,206,"Norwood Payneham St Peters (C)",2019,"45290",793500.0,671,1382
null,6233,300000.0,150,"Onkaparinga (C)",2019,"45340",380000.0,826,2092
null,818,243500.0,21,"Naracoorte and Lucindale (DC)",2019,"45090",265000.0,199,338
null,347,null,4,"Northern Areas (DC)",2019,"45120",157000.0,92,189
null,94,null,3,"Orroroo/Carrieton (DC)",2019,"45400",131182.0,27,56
null,6240,326750.0,309,"Port Adelaide Enfield (C)",2019,"45890",460000.0,932,1831
null,57,null,3,"Peterborough (DC)",2019,"45540",75500.0,24,40
null,2386,148000.0,82,"Playford (C)",2019,"45680",260000.0,261,731
null,348,138000.0,24,"Port Augusta (C)",2019,"46090",220000.0,99,147
null,1052,210000.0,43,"Port Lincoln (C)",2019,"46300",320000.0,179,348
null,564,95000.0,19,"Port Pirie City and Dists (M)",2019,"46450",165000.0,117,266
null,180,245000.0,3,"Robe (DC)",2019,"46860",381000.0,33,71
null,252,null,6,"Southern Mallee (DC)",2019,"47290",125000.0,25,71
null,1390,371000.0,31,"Prospect (C)",2019,"46510",750000.0,147,423
null,622,191000.0,32,"Renmark Paringa (DC)",2019,"46670",260000.0,102,236
null,74,175000.0,11,"Roxby Downs (M)",2019,"46970",274000.0,20,33
null,5130,240000.0,214,"Salisbury (C)",2019,"47140",340000.0,646,1456
null,173,null,5,"Streaky Bay (DC)",2019,"47490",225000.0,39,109
null,651,null,22,"Tatiara (DC)",2019,"47630",143000.0,138,278
null,181,200000.0,3,"Tumby Bay (DC)",2019,"47910",285000.0,36,99
null,3677,311250.0,75,"Tea Tree Gully (C)",2019,"47700",422050.0,397,1271
null,429,null,3,"The Coorong (DC)",2019,"47800",237750.0,101,176
null,4187,470000.0,161,"Unley (C)",2019,"47980",940000.0,511,1162
null,713,264000.0,17,"Victor Harbor (C)",2019,"48050",365000.0,97,223
null,451,null,8,"Wakefield (DC)",2019,"48130",175000.0,72,155
null,851,100000.0,36,"Wattle Range (DC)",2019,"48340",210000.0,146,358
null,145,null,6,"Dalwallinu (S)",2019,"52520",240000.0,23,98
null,4009,379000.0,236,"West Torrens (C)",2019,"48410",600000.0,619,1162
null,705,550000.0,21,"Walkerville (M)",2019,"48260",950000.0,57,200
null,387,95000.0,24,"Whyalla (C)",2019,"48540",232750.0,89,177
null,329,280500.0,3,"Yankalilla (DC)",2019,"48750",370000.0,40,138
null,795,null,6,"Yorke Peninsula (DC)",2019,"48830",252500.0,100,409
null,132,null,10,"Unincorporated SA",2019,"49399",29400.0,22,49
null,2176,245000.0,97,"Albany (C)",2019,"50080",390000.0,403,817
null,123,null,3,"Wudinna (DC)",2019,"48640",86000.0,19,89
null,3378,210000.0,79,"Armadale (C)",2019,"50210",365000.0,358,1095
null,118,290000.0,6,"Ashburton (S)",2019,"50250",264500.0,31,48
null,1319,312000.0,59,"Augusta-Margaret River (S)",2019,"50280",520000.0,199,446
null,725,317000.0,46,"Bassendean (T)",2019,"50350",450000.0,106,270
null,3908,325000.0,125,"Bayswater (C)",2019,"50420",517000.0,515,1363
null,2586,325000.0,197,"Belmont (C)",2019,"50490",455000.0,408,804
null,159,null,3,"Beverley (S)",2019,"50560",175000.0,12,57
null,205,null,3,"Boyup Brook (S)",2019,"50770",220000.0,33,74
null,334,null,5,"Bridgetown-Greenbushes (S)",2019,"50840",365000.0,43,107
null,80,null,3,"Brookton (S)",2019,"50910",null,16,42
null,702,277000.0,47,"Broome (S)",2019,"50980",470000.0,185,317
null,60,null,null,"Bruce Rock (S)",2019,"51120",90000.0,10,48
null,1764,265000.0,125,"Bunbury (C)",2019,"51190",305000.0,406,701
null,114,null,null,"Broomehill-Tambellup (S)",2019,"51080",140000.0,14,59
null,2503,400000.0,90,"Busselton (C)",2019,"51260",515000.0,432,995
null,2667,492000.0,87,"Cambridge (T)",2019,"51310",1335000.0,347,903
null,6187,350000.0,373,"Canning (C)",2019,"51330",540000.0,1035,2019
null,781,null,16,"Capel (S)",2019,"51400",370000.0,82,244
null,50,null,null,"Carnamah (S)",2019,"51470",87500.0,13,25
null,358,85000.0,27,"Carnarvon (S)",2019,"51540",200000.0,92,143
null,120,null,3,"Chapman Valley (S)",2019,"51610",387000.0,23,44
null,5372,335000.0,308,"Cockburn (C)",2019,"51820",495000.0,909,1922
null,380,null,9,"Chittering (S)",2019,"51680",552500.0,29,146
null,217,175000.0,6,"Collie (S)",2019,"51890",150000.0,52,86
null,313,305000.0,8,"Dandaragan (S)",2019,"52590",350000.0,33,137
null,74,null,null,"Cuballing (S)",2019,"52310",160000.0,14,33
null,529,279000.0,19,"Dardanup (S)",2019,"52660",339000.0,65,171
null,1119,640000.0,38,"Claremont (T)",2019,"51750",1550000.0,129,357
null,470,387140.0,16,"Denmark (S)",2019,"52730",400000.0,60,175
null,50,48500.0,4,"Coolgardie (S)",2019,"51960",67500.0,15,35
null,104,null,null,"Coorow (S)",2019,"52030",205000.0,18,54
null,124,null,3,"Corrigin (S)",2019,"52100",110000.0,19,56
null,140,null,14,"Derby-West Kimberley (S)",2019,"52800",90000.0,35,74
null,496,null,23,"Donnybrook-Balingup (S)",2019,"52870",320000.0,80,136
null,1089,811000.0,36,"Cottesloe (T)",2019,"52170",2255000.0,95,318
null,124,null,5,"Cranbrook (S)",2019,"52240",135000.0,23,63
null,13,null,null,"Cue (S)",2019,"52380",62500.0,3,3
null,105,null,5,"Cunderdin (S)",2019,"52450",165000.0,17,49
null,70,null,5,"Dowerin (S)",2019,"52940",100000.0,14,42
null,17,null,null,"Dundas (S)",2019,"53080",58000.0,5,11
null,137,null,3,"Gnowangerup (S)",2019,"53640",85000.0,40,78
null,994,282500.0,32,"Esperance (S)",2019,"53290",336000.0,225,481
null,71,null,3,"Dumbleyung (S)",2019,"53010",106000.0,8,49
null,144,337500.0,14,"Exmouth (S)",2019,"53360",440000.0,45,75
null,620,450000.0,20,"East Fremantle (T)",2019,"53150",1135000.0,68,208
null,114,115000.0,5,"East Pilbara (S)",2019,"53220",210000.0,38,38
null,3016,625000.0,173,"Fremantle (C)",2019,"53430",710000.0,553,1105
null,420,null,13,"Gingin (S)",2019,"53570",385000.0,48,154
null,5319,263750.0,135,"Gosnells (C)",2019,"53780",378000.0,603,1733
null,1849,265000.0,92,"Greater Geraldton (C)",2019,"53800",273500.0,390,775
null,88,null,null,"Goomalling (S)",2019,"53710",65000.0,12,46
null,31,null,4,"Halls Creek (S)",2019,"53920",null,13,19
null,1043,285000.0,29,"Harvey (S)",2019,"53990",350000.0,128,371
null,262,null,7,"Irwin (S)",2019,"54060",320000.0,30,98
null,113,null,6,"Jerramungup (S)",2019,"54130",265000.0,18,83
null,8490,385000.0,187,"Joondalup (C)",2019,"54170",575000.0,970,3206
null,75,null,null,"Kellerberrin (S)",2019,"54410",80000.0,11,43
null,2879,352500.0,94,"Kalamunda (C)",2019,"54200",464000.0,332,1052
null,331,null,6,"Kojonup (S)",2019,"54550",170000.0,35,124
null,41,null,null,"Koorda (S)",2019,"54690",92000.0,4,26
null,90,null,null,"Pingelly (S)",2019,"57140",158000.0,13,54
null,1067,232000.0,87,"Kalgoorlie/Boulder (C)",2019,"54280",300000.0,302,538
null,520,350000.0,52,"Karratha (C)",2019,"54310",350000.0,137,275
null,1278,147000.0,74,"Kwinana (C)",2019,"54830",325000.0,160,429
null,155,null,3,"Lake Grace (S)",2019,"54900",143450.0,42,115
null,2876,250000.0,117,"Mandurah (C)",2019,"55110",370000.0,451,1196
null,199,null,3,"Katanning (S)",2019,"54340",155000.0,44,111
null,731,null,50,"Manjimup (S)",2019,"55180",265000.0,139,288
null,44,null,3,"Meekatharra (S)",2019,"55250",30000.0,3,19
null,7080,472500.0,195,"Melville (C)",2019,"55320",750000.0,884,2423
null,465,null,12,"Plantagenet (S)",2019,"57210",235000.0,72,172
null,83,null,null,"Kent (S)",2019,"54480",null,15,54
null,423,160000.0,35,"Port Hedland (T)",2019,"57280",240000.0,91,164
null,82,null,null,"Quairading (S)",2019,"57350",175000.0,6,50
null,147,null,3,"Ravensthorpe (S)",2019,"57420",195000.0,31,84
null,96,null,3,"Kondinin (S)",2019,"54620",73000.0,28,66
null,68,null,null,"Kulin (S)",2019,"54760",null,16,40
null,3547,247000.0,117,"Rockingham (C)",2019,"57490",370000.0,524,1430
null,44,null,null,"Shark Bay (S)",2019,"57770",238750.0,7,24
null,3447,540000.0,102,"South Perth (C)",2019,"57840",980000.0,388,1069
null,18,null,3,"Laverton (S)",2019,"54970",44000.0,null,3
null,15397,380000.0,533,"Stirling (C)",2019,"57910",637000.0,1871,4683
null,6876,257000.0,328,"Swan (C)",2019,"58050",395000.0,1123,2468
null,26,null,3,"Tammin (S)",2019,"58190",null,4,17
null,41,null,null,"Three Springs (S)",2019,"58260",45000.0,7,38
null,33,null,null,"Leonora (S)",2019,"55040",60000.0,11,26
null,1893,281000.0,49,"Mundaring (S)",2019,"56090",505000.0,245,761
null,748,229000.0,21,"Murray (S)",2019,"56230",390000.0,93,259
null,111,null,3,"Nannup (S)",2019,"56300",325000.0,9,41
null,2559,730000.0,91,"Nedlands (C)",2019,"56580",1540000.0,269,815
null,null,null,null,"Menzies (S)",2019,"55390",null,null,null
null,143,null,5,"Merredin (S)",2019,"55460",158250.0,47,107
null,89,75000.0,6,"West Coast (M)",2019,"65610",87000.0,31,62
null,52,null,null,"Mingenew (S)",2019,"55530",null,4,37
null,null,null,null,"Ngaanyatjarraku (S)",2019,"56620",null,null,null
null,168,182500.0,8,"Northampton (S)",2019,"56790",220000.0,41,111
null,951,322500.0,28,"West Tamar (M)",2019,"65810",365000.0,118,404
null,215,null,5,"Moora (S)",2019,"55600",150000.0,41,102
null,57,null,null,"Morawa (S)",2019,"55670",31000.0,8,44
null,16,null,null,"Mount Magnet (S)",2019,"55810",30000.0,3,5
null,60,null,null,"Mount Marshall (S)",2019,"55880",null,9,31
null,695,395000.0,18,"Mosman Park (T)",2019,"55740",1317500.0,76,203
null,72,null,null,"Mukinbudin (S)",2019,"55950",100000.0,5,42
null,null,null,null,"Murchison (S)",2019,"56160",null,null,null
null,1135,365000.0,94,"Alice Springs (T)",2019,"70200",455000.0,324,462
null,null,null,null,"Belyuen (S)",2019,"70540",null,null,null
null,78,null,5,"Coomalie (S)",2019,"70700",null,18,21
null,4370,337500.0,310,"Darwin (C)",2019,"71000",505000.0,852,1576
null,96,null,null,"Narembeen (S)",2019,"56370",142500.0,9,62
null,7,null,3,"East Arnhem (R)",2019,"71300",null,4,6
null,441,165000.0,41,"Katherine (T)",2019,"72200",317500.0,133,213
null,265,null,4,"Narrogin (S)",2019,"56460",162500.0,63,149
null,489,null,15,"Northam (S)",2019,"56730",221000.0,88,187
null,246,930000.0,15,"Peppermint Grove (S)",2019,"56930",3650000.0,35,71
null,11,null,null,"Nungarin (S)",2019,"56860",null,4,10
null,7787,440000.0,596,"Perth (C)",2019,"57080",1320000.0,1408,2718
null,70,null,null,"Perenjori (S)",2019,"57000",30000.0,6,36
null,3,null,null,"Sandstone (S)",2019,"57630",null,null,null
null,1384,null,32,"Serpentine-Jarrahdale (S)",2019,"57700",405000.0,156,507
null,2453,420000.0,114,"Victoria Park (T)",2019,"58510",610000.0,435,900
null,1186,327500.0,50,"Litchfield (M)",2019,"72300",590000.0,183,486
null,131,null,4,"Wagin (S)",2019,"58610",190000.0,29,71
null,49,null,null,"Wandering (S)",2019,"58680",170000.0,3,14
null,3123,507500.0,145,"Subiaco (C)",2019,"57980",1232500.0,501,1075
null,8689,275000.0,278,"Wanneroo (C)",2019,"58760",419000.0,1121,3176
null,5,null,null,"Tiwi Islands (R)",2019,"74050",null,null,null
null,221,170000.0,8,"Waroona (S)",2019,"58820",310000.0,27,61
null,115,null,5,"West Arthur (S)",2019,"58890",150000.0,31,49
null,32,null,4,"Victoria Daly (R)",2019,"74550",null,5,5
null,271,null,null,"Toodyay (S)",2019,"58330",350000.0,31,82
null,50,null,3,"Woodanilling (S)",2019,"59320",null,6,32
null,38,null,null,"Wyalkatchem (S)",2019,"59330",99000.0,3,35
null,406,262500.0,34,"Wyndham-East Kimberley (S)",2019,"59340",252500.0,92,146
null,13,null,null,"Yalgoo (S)",2019,"59350",null,3,9
null,249,null,11,"York (S)",2019,"59370",280000.0,42,108
null,35,null,null,"Trayning (S)",2019,"58400",45000.0,null,25
null,303,252000.0,10,"Break O'Day (M)",2019,"60210",288750.0,45,163
null,367,281000.0,9,"Brighton (M)",2019,"60410",312500.0,59,163
null,655,192500.0,31,"Burnie (C)",2019,"60610",255000.0,214,298
null,852,270500.0,27,"Central Coast (M) (Tas.)",2019,"60810",312500.0,185,346
null,125,null,16,"Central Highlands (M) (Tas.)",2019,"61010",155000.0,41,47
null,3,null,null,"Upper Gascoyne (S)",2019,"58470",null,null,3
null,514,180000.0,24,"Circular Head (M)",2019,"61210",223000.0,113,258
null,2125,407000.0,87,"Clarence (C)",2019,"61410",510000.0,327,857
null,270,235000.0,16,"Derwent Valley (M)",2019,"61510",272250.0,47,111
null,992,230000.0,63,"Devonport (C)",2019,"61610",275000.0,220,396
null,100,null,null,"Victoria Plains (S)",2019,"58540",null,9,37
null,553,281000.0,12,"Dorset (M)",2019,"61810",257500.0,105,227
null,109,null,null,"Flinders (M) (Tas.)",2019,"62010",345000.0,12,37
null,204,154525.0,10,"George Town (M)",2019,"62210",210000.0,32,79
null,3469,440000.0,162,"Vincent (C)",2019,"58570",860000.0,618,1306
null,276,235000.0,16,"Glamorgan/Spring Bay (M)",2019,"62410",360000.0,73,110
null,23,null,null,"Westonia (S)",2019,"59030",null,null,12
null,1587,300000.0,98,"Glenorchy (C)",2019,"62610",400000.0,334,535
null,3997,505000.0,239,"Hobart (C)",2019,"62810",710000.0,782,1559
null,807,285000.0,37,"Huon Valley (M)",2019,"63010",390000.0,114,293
null,356,null,3,"Kentish (M)",2019,"63210",320000.0,40,102
null,198,null,3,"King Island (M)",2019,"63410",285000.0,20,83
null,66,null,null,"Wickepin (S)",2019,"59100",null,17,61
null,1644,390000.0,51,"Kingborough (M)",2019,"63610",555000.0,215,634
null,484,278000.0,28,"Latrobe (M) (Tas.)",2019,"63810",355500.0,71,201
null,3216,275000.0,205,"Launceston (C)",2019,"64010",325000.0,719,1369
null,1060,275000.0,31,"Meander Valley (M)",2019,"64210",335000.0,168,420
null,85,null,4,"Williams (S)",2019,"59170",260000.0,20,65
null,9,null,null,"Wiluna (S)",2019,"59250",null,3,9
null,642,267000.0,30,"Northern Midlands (M)",2019,"64610",316000.0,153,275
null,120,null,null,"Wongan-Ballidu (S)",2019,"59310",128000.0,24,60
null,532,325000.0,8,"Sorell (M)",2019,"64810",390000.0,75,255
null,350,225000.0,6,"Southern Midlands (M)",2019,"65010",331250.0,58,118
null,123,null,4,"Tasman (M)",2019,"65210",290000.0,23,47
null,502,220000.0,32,"Waratah/Wynyard (M)",2019,"65410",280000.0,97,225
null,87,null,3,"Yilgarn (S)",2019,"59360",46000.0,10,40
null,29,null,null,"Wagait (S)",2019,"74560",null,3,6
null,15,null,6,"West Arnhem (R)",2019,"74660",null,10,10
null,3,null,null,"West Daly (R)",2019,"74680",null,3,3
null,130,95000.0,11,"Barkly (R)",2019,"70420",225000.0,38,41
null,248,350489.5,38,"Unincorporated NT",2019,"79399",null,75,104
null,3,null,3,"Central Desert (R)",2019,"70620",null,3,null
null,17680,445000.0,876,"Unincorporated ACT",2019,"89399",710000.0,3024,8346
null,11,null,3,"MacDonnell (R)",2019,"72330",null,11,4
null,27,null,7,"Unincorp. Other Territories",2019,"99399",null,12,32
null,938,235000.0,40,"Palmerston (C)",2019,"72800",440000.0,203,398
null,49,null,5,"Roper Gulf (R)",2019,"73600",null,13,18
